no,method,sample,layout,adaptor,cutadapt,bowtie2,build,samtools_q_trim,filter,motif
1,XR-seq,Colo205OxR1_sim,single-end,-a TGGAATTCTCGGGTGCCAAGGAACTCCAGTNNNNNNACGATCTCGTATGCCGTCTTCTGCTTG,,,GRCh38,-q 20,'^([1-9]|1[0-9]|2[0-2]|X)',
2,XR-seq,Colo205OxR2_sim,single-end,-a TGGAATTCTCGGGTGCCAAGGAACTCCAGTNNNNNNACGATCTCGTATGCCGTCTTCTGCTTG,,,GRCh38,-q 20,'^([1-9]|1[0-9]|2[0-2]|X)',
3,XR-seq,Colo320OxR1_sim,single-end,-a TGGAATTCTCGGGTGCCAAGGAACTCCAGTNNNNNNACGATCTCGTATGCCGTCTTCTGCTTG,,,GRCh38,-q 20,'^([1-9]|1[0-9]|2[0-2]|X)',
4,XR-seq,Dld1OxR1_sim,single-end,-a TGGAATTCTCGGGTGCCAAGGAACTCCAGTNNNNNNACGATCTCGTATGCCGTCTTCTGCTTG,,,GRCh38,-q 20,'^([1-9]|1[0-9]|2[0-2]|X)',
5,XR-seq,Dld1OxR2_sim,single-end,-a TGGAATTCTCGGGTGCCAAGGAACTCCAGTNNNNNNACGATCTCGTATGCCGTCTTCTGCTTG,,,GRCh38,-q 20,'^([1-9]|1[0-9]|2[0-2]|X)',
6,XR-seq,Hct116OxR1_sim,single-end,-a TGGAATTCTCGGGTGCCAAGGAACTCCAGTNNNNNNACGATCTCGTATGCCGTCTTCTGCTTG,,,GRCh38,-q 20,'^([1-9]|1[0-9]|2[0-2]|X)',
7,XR-seq,Hct116OxR2_sim,single-end,-a TGGAATTCTCGGGTGCCAAGGAACTCCAGTNNNNNNACGATCTCGTATGCCGTCTTCTGCTTG,,,GRCh38,-q 20,'^([1-9]|1[0-9]|2[0-2]|X)',
8,XR-seq,Ht29OxR1_sim,single-end,-a TGGAATTCTCGGGTGCCAAGGAACTCCAGTNNNNNNACGATCTCGTATGCCGTCTTCTGCTTG,,,GRCh38,-q 20,'^([1-9]|1[0-9]|2[0-2]|X)',
9,XR-seq,Ht29OxR2_sim,single-end,-a TGGAATTCTCGGGTGCCAAGGAACTCCAGTNNNNNNACGATCTCGTATGCCGTCTTCTGCTTG,,,GRCh38,-q 20,'^([1-9]|1[0-9]|2[0-2]|X)',
10,XR-seq,Ls1034OxR1_sim,single-end,-a TGGAATTCTCGGGTGCCAAGGAACTCCAGTNNNNNNACGATCTCGTATGCCGTCTTCTGCTTG,,,GRCh38,-q 20,'^([1-9]|1[0-9]|2[0-2]|X)',
11,XR-seq,Ls1034OxR2_sim,single-end,-a TGGAATTCTCGGGTGCCAAGGAACTCCAGTNNNNNNACGATCTCGTATGCCGTCTTCTGCTTG,,,GRCh38,-q 20,'^([1-9]|1[0-9]|2[0-2]|X)',
12,XR-seq,Ls174tOxR1_sim,single-end,-a TGGAATTCTCGGGTGCCAAGGAACTCCAGTNNNNNNACGATCTCGTATGCCGTCTTCTGCTTG,,,GRCh38,-q 20,'^([1-9]|1[0-9]|2[0-2]|X)',
13,XR-seq,Ls180OxR1_sim,single-end,-a TGGAATTCTCGGGTGCCAAGGAACTCCAGTNNNNNNACGATCTCGTATGCCGTCTTCTGCTTG,,,GRCh38,-q 20,'^([1-9]|1[0-9]|2[0-2]|X)',
14,XR-seq,Ls180OxR2_sim,single-end,-a TGGAATTCTCGGGTGCCAAGGAACTCCAGTNNNNNNACGATCTCGTATGCCGTCTTCTGCTTG,,,GRCh38,-q 20,'^([1-9]|1[0-9]|2[0-2]|X)',
15,XR-seq,RkoOxR1_sim,single-end,-a TGGAATTCTCGGGTGCCAAGGAACTCCAGTNNNNNNACGATCTCGTATGCCGTCTTCTGCTTG,,,GRCh38,-q 20,'^([1-9]|1[0-9]|2[0-2]|X)',
16,XR-seq,RkoOxR2_sim,single-end,-a TGGAATTCTCGGGTGCCAAGGAACTCCAGTNNNNNNACGATCTCGTATGCCGTCTTCTGCTTG,,,GRCh38,-q 20,'^([1-9]|1[0-9]|2[0-2]|X)',
17,XR-seq,Sw480OxR1_sim,single-end,-a TGGAATTCTCGGGTGCCAAGGAACTCCAGTNNNNNNACGATCTCGTATGCCGTCTTCTGCTTG,,,GRCh38,-q 20,'^([1-9]|1[0-9]|2[0-2]|X)',
18,XR-seq,Sw480OxR2_sim,single-end,-a TGGAATTCTCGGGTGCCAAGGAACTCCAGTNNNNNNACGATCTCGTATGCCGTCTTCTGCTTG,,,GRCh38,-q 20,'^([1-9]|1[0-9]|2[0-2]|X)',
19,XR-seq,HXA64A1_ATCACG_sim,single-end,-a TGGAATTCTCGGGTGCCAAGGAACTCCAGTNNNNNNACGATCTCGTATGCCGTCTTCTGCTTG,,,GRCh38,-q 20,'^([1-9]|1[0-9]|2[0-2]|X)',
20,XR-seq,HXA64B7_CAGATC_sim,single-end,-a TGGAATTCTCGGGTGCCAAGGAACTCCAGTNNNNNNACGATCTCGTATGCCGTCTTCTGCTTG,,,GRCh38,-q 20,'^([1-9]|1[0-9]|2[0-2]|X)',
21,XR-seq,HXACA4_TGACCA_sim,single-end,-a TGGAATTCTCGGGTGCCAAGGAACTCCAGTNNNNNNACGATCTCGTATGCCGTCTTCTGCTTG,,,GRCh38,-q 20,'^([1-9]|1[0-9]|2[0-2]|X)',
22,XR-seq,HXACB10_TAGCTT_sim,single-end,-a TGGAATTCTCGGGTGCCAAGGAACTCCAGTNNNNNNACGATCTCGTATGCCGTCTTCTGCTTG,,,GRCh38,-q 20,'^([1-9]|1[0-9]|2[0-2]|X)',
